Game,Link,Week,Johannes,Sunniva,Verdict
La Cucaracha (Bugs in the Kitchen),https://boardgamegeek.com/boardgame/137909/bugs-kitchen,24,KEEP,CULL,KEEP
Rhino Hero: Super Battle,https://boardgamegeek.com/boardgame/218333/rhino-hero-super-battle,24,KEEP,KEEP,KEEP
Venice,https://boardgamegeek.com/boardgame/274861/venice,24,CULL,CULL,CULL
Medici,https://boardgamegeek.com/boardgame/46/medici,24,KEEP,KEEP,KEEP
Power Grid: The Card Game,https://boardgamegeek.com/boardgame/203780/power-grid-card-game,24,CULL,CULL,CULL
Not Alone,https://boardgamegeek.com/boardgame/194879/not-alone,24,KEEP,KEEP,KEEP
Letter Jam,https://boardgamegeek.com/boardgame/275467/letter-jam,24,KEEP,KEEP,KEEP
Boomerang: Europe,https://boardgamegeek.com/boardgame/300367/boomerang-europe,24,CULL,CULL,CULL
Lawyer Up,https://boardgamegeek.com/boardgame/267401/lawyer,24,CULL,CULL,CULL
Innovation,https://boardgamegeek.com/boardgame/63888/innovation,24,CULL,CULL,CULL
Brikks,https://boardgamegeek.com/boardgame/257726/brikks,24,KEEP,CULL,KEEP
Smallworld,https://boardgamegeek.com/boardgame/40692/small-world,23,KEEP,CULL,KEEP
XCOM: The Board Game,https://boardgamegeek.com/boardgame/163602/xcom-board-game,23,CULL,CULL,CULL
3 Laws of Robotics,https://boardgamegeek.com/boardgame/271447/3-laws-robotics,23,CULL,CULL,CULL
Insider,https://boardgamegeek.com/boardgame/206051/insider,23,KEEP,KEEP,KEEP
Ride the Rails,https://boardgamegeek.com/boardgame/297486/ride-rails,23,KEEP,CULL,KEEP
Irish Gauge,https://boardgamegeek.com/boardgame/161882/irish-gauge,23,CULL,CULL,CULL
Mini Rails,https://boardgamegeek.com/boardgame/225818/mini-rails,23,KEEP,KEEP,KEEP
"Gulf, Mobile, & Ohio",https://boardgamegeek.com/boardgame/36424/gulf-mobile-ohio,23,KEEP,KEEP,KEEP
Grand Austria Hotel,https://boardgamegeek.com/boardgame/182874/grand-austria-hotel,23,KEEP,KEEP,KEEP
Crisis,https://boardgamegeek.com/boardgame/128721/crisis,23,KEEP,KEEP,KEEP
Hansa Teutonica: Big Box,https://boardgamegeek.com/boardgame/286749/hansa-teutonica-big-box,23,KEEP,KEEP,KEEP
Lockup: A Roll Player Tale,https://boardgamegeek.com/boardgame/240855/lockup-roll-player-tale,23,KEEP,CULL,KEEP
Founders of Gloomhaven,https://boardgamegeek.com/boardgame/214032/founders-gloomhaven,23,CULL,CULL,CULL
Castell,https://boardgamegeek.com/boardgame/238638/castell,23,KEEP,KEEP,KEEP
Nothing Personal,https://boardgamegeek.com/boardgame/120523/nothing-personal,23,KEEP,CULL,KEEP
Imperial,https://boardgamegeek.com/boardgame/24181/imperial,23,KEEP,CULL,KEEP
Steampunk Rally,https://boardgamegeek.com/boardgame/162007/steampunk-rally,23,CULL,CULL,CULL
Pot de Vin,https://boardgamegeek.com/boardgame/232078/pot-de-vin,22,CULL,CULL,CULL
Walk the Plank!,https://boardgamegeek.com/boardgame/35505/walk-plank,22,CULL,KEEP,CULL
Coloretto,https://boardgamegeek.com/boardgame/5782/coloretto,22,CULL,CULL,CULL
Exit: The Game - The Haunted Roller Coaster,https://boardgamegeek.com/boardgame/269968/exit-game-haunted-roller-coaster,22,CULL,CULL,CULL
Exit: The Game + Puzzle – The Deserted Lighthouse,https://boardgamegeek.com/boardgame/298282/exit-game-puzzle-deserted-lighthouse,22,KEEP,KEEP,CULL
The Mysterious Forest,https://boardgamegeek.com/boardgame/204592/mysterious-forest,22,CULL,CULL,CULL
King of Tokyo: Dark Edition,https://boardgamegeek.com/boardgame/293141/king-tokyo-dark-edition,22,KEEP,KEEP,KEEP
Throw Throw Burrito,https://boardgamegeek.com/boardgame/274533/throw-throw-burrito,22,KEEP,KEEP,KEEP
Bermuda Pirates,https://boardgamegeek.com/boardgame/244909/bermuda-pirates,22,CULL,CULL,CULL
Las Vegas,https://boardgamegeek.com/boardgame/117959/las-vegas,22,KEEP,KEEP,KEEP
Loony Quest,https://boardgamegeek.com/boardgame/136991/loony-quest,22,KEEP,CULL,KEEP
ICECOOL,https://boardgamegeek.com/boardgame/177524/icecool,22,KEEP,KEEP,KEEP
Pyramid of Pengqueen,https://boardgamegeek.com/boardgame/36648/pyramid-pengqueen,22,KEEP,KEEP,KEEP
Slide Quest,https://boardgamegeek.com/boardgame/271785/slide-quest,21,CULL,CULL,CULL
The Crew,https://boardgamegeek.com/boardgame/284083/crew-quest-planet-nine,21,KEEP,KEEP,KEEP
London,https://boardgamegeek.com/boardgame/65781/london,21,CULL,CULL,CULL
Aqualin,https://boardgamegeek.com/boardgame/295948/aqualin,21,KEEP,KEEP,KEEP
Ubongo,https://boardgamegeek.com/boardgame/16986/ubongo,21,CULL,CULL,CULL
Raccoon Tycoon,https://boardgamegeek.com/boardgame/254386/raccoon-tycoon,21,KEEP,KEEP,KEEP
Ticket to Ride: Europe,https://boardgamegeek.com/boardgame/14996/ticket-ride-europe,19,CULL,CULL,CULL
Lord of the Rings: Journeys in Middle Earth,https://boardgamegeek.com/boardgame/269385/lord-rings-journeys-middle-earth,19,CULL,KEEP,KEEP
Lords of Vegas,https://boardgamegeek.com/boardgame/20437/lords-vegas,19,CULL,CULL,CULL
Drawn to Adventure,https://boardgamegeek.com/boardgame/301441/drawn-adventure,19,CULL,CULL,CULL
Blood Rage,https://boardgamegeek.com/boardgame/170216/blood-rage,19,KEEP,KEEP,KEEP
Escape: The Curse of the Temple Big Box,https://boardgamegeek.com/boardgame/157820/escape-curse-temple-big-box,19,KEEP,KEEP,KEEP
Flipships,https://boardgamegeek.com/boardgame/223215/flip-ships,19,KEEP,KEEP,KEEP
Century: Spice Road,https://boardgamegeek.com/boardgame/209685/century-spice-road,19,CULL,CULL,CULL
Mental Blocks,https://boardgamegeek.com/boardgame/275089/mental-blocks,19,KEEP,KEEP,KEEP
Fast Forward: FORTUNE,https://boardgamegeek.com/boardgame/256801/fast-forward-fortune,19,CULL,CULL,CULL
Castles of Burgandy,https://boardgamegeek.com/boardgame/84876/castles-burgundy,18,KEEP,KEEP,KEEP
Strasbourg,https://boardgamegeek.com/boardgame/91873/strasbourg,18,KEEP,CULL,KEEP
Rialto,https://boardgamegeek.com/boardgame/119591/rialto,18,KEEP,KEEP,KEEP
Trajan,https://boardgamegeek.com/boardgame/102680/trajan,18,KEEP,KEEP,KEEP
AquaSphere,https://boardgamegeek.com/boardgame/159508/aquasphere,18,KEEP,KEEP,KEEP
Merlin,https://boardgamegeek.com/boardgame/302189/merlin-big-box,18,CULL,CULL,KEEP
Amerigo,https://boardgamegeek.com/boardgame/137408/amerigo,18,KEEP,CULL,KEEP
Forum Trajanum,https://boardgamegeek.com/boardgame/244049/forum-trajanum,18,CULL,CULL,KEEP
Imperial Settlers: Empires of the North,https://boardgamegeek.com/boardgame/270844/imperial-settlers-empires-north,17,CULL,CULL,CULL
Raptor,https://boardgamegeek.com/boardgame/177639/raptor,17,CULL,CULL,CULL
Medici: The Dice Game,https://boardgamegeek.com/boardgame/291511/medici-dice-game,17,CULL,CULL,CULL
Navegador,https://boardgamegeek.com/boardgame/66589/navegador,17,KEEP,KEEP,KEEP
Glen More II: Chronicles,https://boardgamegeek.com/boardgame/265188/glen-more-ii-chronicles,17,KEEP,KEEP,KEEP
Whale Riders,https://boardgamegeek.com/boardgame/305761/whale-riders,17,CULL,CULL,CULL
Whale Riders: The Card Game,https://boardgamegeek.com/boardgame/310031/whale-riders-card-game,17,CULL,CULL,CULL
Embarcadero,https://boardgamegeek.com/boardgame/315234/embarcadero,16,CULL,KEEP,KEEP
Fast Forward: FEAR,https://boardgamegeek.com/boardgame/231664/fast-forward-fear,16,CULL,KEEP,CULL
Fast Forward: Fortress,https://boardgamegeek.com/boardgame/231665/fast-forward-fortress,16,CULL,CULL,CULL
Coco Loco (Coconuts),https://boardgamegeek.com/boardgame/145639/coconuts,16,KEEP,CULL,CULL
Project L,https://boardgamegeek.com/boardgame/260180/project-l,16,KEEP,CULL,CULL
Glasgow,https://boardgamegeek.com/boardgame/301716/glasgow,16,CULL,CULL,CULL
5-Minute Mystery,https://boardgamegeek.com/boardgame/294514/5-minute-mystery,16,KEEP,CULL,CULL
Isle of Cats,https://boardgamegeek.com/boardgame/281259/isle-cats,15,KEEP,CULL,KEEP
Libertalia,https://boardgamegeek.com/boardgame/125618/libertalia,15,CULL,KEEP,KEEP
Nippon,https://boardgamegeek.com/boardgame/154809/nippon,15,KEEP,KEEP,KEEP
Snowdonia,https://boardgamegeek.com/boardgame/119432/snowdonia,15,CULL,KEEP,CULL
Maracaibo,https://boardgamegeek.com/boardgame/276025/maracaibo,15,KEEP,KEEP,KEEP
Starving Artists,https://boardgamegeek.com/boardgame/189350/starving-artists,14,CULL,CULL,CULL
Ringenes Herre (The Lord of the Rings),https://boardgamegeek.com/boardgame/823/lord-rings,14,KEEP,KEEP,KEEP
Memoir '44,https://boardgamegeek.com/boardgame/10630/memoir-44,14,KEEP,KEEP,KEEP
The Quest for El Dorado,https://boardgamegeek.com/boardgame/217372/quest-el-dorado,14,CULL,KEEP,KEEP
Inhabit the Earth,https://boardgamegeek.com/boardgame/181797/inhabit-earth,14,CULL,CULL,CULL
Tash-Kalar: Arena of Legends,https://boardgamegeek.com/boardgame/146278/tash-kalar-arena-legends,14,KEEP,CULL,CULL
Magic: The Gathering – Arena of the Planeswalkers,https://boardgamegeek.com/boardgame/167698/magic-gathering-arena-planeswalkers,14,CULL,CULL,CULL
Undaunted: Normandy,https://boardgamegeek.com/boardgame/268864/undaunted-normandy,14,CULL,CULL,CULL
Summoner Wars: Alliances Master Set,https://boardgamegeek.com/boardgame/158889/summoner-wars-alliances-master-set,14,CULL,CULL,CULL
Carcassonne: Hunters and Gatherers,https://boardgamegeek.com/boardgame/4390/carcassonne-hunters-and-gatherers,14,CULL,CULL,CULL
Suburbia: Collector's Edition,https://boardgamegeek.com/boardgame/267367/suburbia-collectors-edition,14,KEEP,KEEP,KEEP
For Sale,https://boardgamegeek.com/boardgame/172/sale,14,KEEP,KEEP,KEEP
Pulsar 2849,https://boardgamegeek.com/boardgame/228341/pulsar-2849,13,KEEP,KEEP,KEEP
Mombasa,https://boardgamegeek.com/boardgame/172386/mombasa,13,KEEP,KEEP,KEEP
Mexica,https://boardgamegeek.com/boardgame/2955/mexica,13,KEEP,KEEP,KEEP
Santorini,https://boardgamegeek.com/boardgame/194655/santorini,12,KEEP,KEEP,KEEP
Codenames: Duet,https://boardgamegeek.com/boardgame/224037/codenames-duet,12,KEEP,KEEP,KEEP
Kanban EV,https://boardgamegeek.com/boardgame/284378/kanban-ev,12,KEEP,KEEP,KEEP
Barrage,https://boardgamegeek.com/boardgame/251247/barrage,12,KEEP,CULL,KEEP
Isle of Skye: From Chieftain to King,https://boardgamegeek.com/boardgame/176494/isle-skye-chieftain-king,12,KEEP,KEEP,KEEP
Feudum,https://boardgamegeek.com/boardgame/163839/feudum,12,KEEP,CULL,KEEP
Space Race: The Card Game,https://boardgamegeek.com/boardgame/191177/space-race-card-game,11,CULL,CULL,CULL
Love Letter,https://boardgamegeek.com/boardgame/129622/love-letter,11,KEEP,KEEP,KEEP
Terraforming Mars,https://boardgamegeek.com/boardgame/167791/terraforming-mars,11,KEEP,KEEP,KEEP
La Granja,https://boardgamegeek.com/boardgame/146886/la-granja,11,KEEP,CULL,CULL
Troyes,https://boardgamegeek.com/boardgame/73439/troyes,11,KEEP,KEEP,KEEP
Wingspan,https://boardgamegeek.com/boardgame/266192/wingspan,11,KEEP,KEEP,KEEP
Chimera Station,https://boardgamegeek.com/boardgame/163642/chimera-station,11,CULL,CULL,CULL
Piepmatz,https://boardgamegeek.com/boardgame/246200/piepmatz,11,CULL,CULL,CULL
Kingdomino,https://boardgamegeek.com/boardgame/204583/kingdomino,11,KEEP,KEEP,KEEP
Guilds of London,https://boardgamegeek.com/boardgame/134157/guilds-london,11,CULL,CULL,CULL
Calimala,https://boardgamegeek.com/boardgame/199383/calimala,11,KEEP,CULL,KEEP
Get Bit!,https://boardgamegeek.com/boardgame/30539/get-bit,11,CULL,CULL,CULL
Fields of Green,https://boardgamegeek.com/boardgame/200954/fields-green,10,CULL,CULL,CULL
Alexandria,https://boardgamegeek.com/boardgame/209538/alexandria,10,CULL,CULL,CULL
Project: ELITE,https://boardgamegeek.com/boardgame/256999/project-elite,10,KEEP,KEEP,KEEP
The King is Dead,https://boardgamegeek.com/boardgame/172996/king-dead,10,KEEP,KEEP,KEEP
Jungle Race,https://boardgamegeek.com/boardgame/255696/jungle-race,10,CULL,CULL,CULL
Era: Medieval Age,https://boardgamegeek.com/boardgame/270971/era-medieval-age,10,KEEP,CULL,KEEP
Carthago,https://boardgamegeek.com/boardgame/233006/carthago-merchants-guilds,10,CULL,CULL,CULL
Loot Island,https://boardgamegeek.com/boardgame/235512/loot-island,10,CULL,CULL,CULL
Board Game Cafe Frenzy,https://boardgamegeek.com/boardgame/274688/board-game-cafe-frenzy,10,CULL,CULL,CULL
Cupcake Empire,https://boardgamegeek.com/boardgame/256067/cupcake-empire,10,CULL,CULL,CULL
Sorcerer City,https://boardgamegeek.com/boardgame/235014/sorcerer-city,9,KEEP,KEEP,KEEP
Valley of the Kings: Premium Edition,https://boardgamegeek.com/boardgame/274466/valley-kings-premium-edition,9,CULL,CULL,CULL
Mystic Vale,https://boardgamegeek.com/boardgame/194607/mystic-vale,9,KEEP,KEEP,KEEP
Dominion,https://boardgamegeek.com/boardgame/36218/dominion,9,KEEP,CULL,KEEP
Underwater Cities,https://boardgamegeek.com/boardgame/247763/underwater-cities,9,KEEP,KEEP,KEEP
Odin's Ravens,https://boardgamegeek.com/boardgame/192074/odins-ravens-second-edition,9,CULL,CULL,CULL
Drop It,https://boardgamegeek.com/boardgame/244916/drop-it,9,KEEP,KEEP,KEEP
Jetpack Joyride,https://boardgamegeek.com/boardgame/253215/jetpack-joyride,9,KEEP,CULL,CULL
Junk Art,https://boardgamegeek.com/boardgame/193042/junk-art,9,KEEP,CULL,CULL
Rajas of the Ganges,https://boardgamegeek.com/boardgame/220877/rajas-ganges,8,KEEP,KEEP,KEEP
Pharaon,https://boardgamegeek.com/boardgame/282414/pharaon,8,KEEP,CULL,KEEP
Santa Maria,https://boardgamegeek.com/boardgame/229220/santa-maria,8,KEEP,CULL,KEEP
Imhotep: The Duel,https://boardgamegeek.com/boardgame/255674/imhotep-duel,8,CULL,CULL,CULL
Rolled West,https://boardgamegeek.com/boardgame/280041/rolled-west,8,CULL,CULL,CULL
Welcome To...,https://boardgamegeek.com/boardgame/233867/welcome,8,KEEP,KEEP,KEEP
LYNGK,https://boardgamegeek.com/boardgame/217083/lyngk,8,KEEP,KEEP,KEEP
Nidavellir,https://boardgamegeek.com/boardgame/293014/nidavellir,8,KEEP,KEEP,KEEP
Star Wars: Rebellion,https://boardgamegeek.com/boardgame/187645/star-wars-rebellion,8,KEEP,KEEP,KEEP
Hanabi,https://boardgamegeek.com/boardgame/98778/hanabi,7,CULL,CULL,CULL
Rhino Hero,https://boardgamegeek.com/boardgame/91514/rhino-hero,7,KEEP,CULL,KEEP
The Fox in the Forest Duet,https://boardgamegeek.com/boardgame/288169/fox-forest-duet,7,CULL,CULL,CULL
Gaia Project,https://boardgamegeek.com/boardgame/220308/gaia-project,7,KEEP,CULL,KEEP
Tokaido,https://boardgamegeek.com/boardgame/123540/tokaido,7,CULL,CULL,CULL
Kanagawa,https://boardgamegeek.com/boardgame/200147/kanagawa,7,CULL,KEEP,CULL
On Tour,https://boardgamegeek.com/boardgame/251412/tour,7,CULL,CULL,CULL
Signorie,https://boardgamegeek.com/boardgame/177678/signorie,7,KEEP,KEEP,KEEP
Tsuro,https://boardgamegeek.com/boardgame/16992/tsuro,7,CULL,CULL,CULL
The Magnificent,https://boardgamegeek.com/boardgame/283863/magnificent,7,CULL,KEEP,KEEP
Terra Mystica,https://boardgamegeek.com/boardgame/120677/terra-mystica,7,KEEP,KEEP,KEEP
Majesty: For the Realm,https://boardgamegeek.com/boardgame/230080/majesty-realm,7,KEEP,KEEP,KEEP
ClipCut Parks,https://boardgamegeek.com/boardgame/283289/clipcut-parks,7,KEEP,KEEP,KEEP
Blackout: Hong Kong,https://boardgamegeek.com/boardgame/262215/blackout-hong-kong,6,KEEP,KEEP,KEEP
Electropolis,https://boardgamegeek.com/boardgame/286431/electropolis,6,KEEP,KEEP,KEEP
Arboretum,https://boardgamegeek.com/boardgame/140934/arboretum,6,KEEP,KEEP,KEEP
Dale of Merchants,https://boardgamegeek.com/boardgame/176165/dale-merchants,6,CULL,CULL,CULL
Calico,https://boardgamegeek.com/boardgame/283155/calico,6,KEEP,CULL,CULL
Temporum,https://boardgamegeek.com/boardgame/162263/temporum,6,CULL,CULL,CULL
Crown of Emara,https://boardgamegeek.com/boardgame/256570/crown-emara,6,KEEP,KEEP,KEEP
Minute Realms,https://boardgamegeek.com/boardgame/234468/minute-realms,6,CULL,CULL,CULL
The Manhattan Project: Energy Empire,https://boardgamegeek.com/boardgame/176734/manhattan-project-energy-empire,6,KEEP,KEEP,KEEP
Dokmus,https://boardgamegeek.com/boardgame/199793/dokmus,6,CULL,CULL,CULL
Merchants of Muziris,https://boardgamegeek.com/boardgame/231215/merchants-muziris,6,KEEP,CULL,KEEP
Everdell,https://boardgamegeek.com/boardgame/199792/everdell,6,KEEP,CULL,KEEP
No Thanks!,https://boardgamegeek.com/boardgame/12942/no-thanks,6,KEEP,CULL,KEEP
Cat Lady,https://boardgamegeek.com/boardgame/228504/cat-lady,6,CULL,CULL,CULL
Qwixx,https://boardgamegeek.com/boardgame/131260/qwixx,6,CULL,CULL,CULL
Trails of Tucana,https://boardgamegeek.com/boardgame/283864/trails-tucana,6,KEEP,KEEP,KEEP
"Railroad Ink: Deep Blue Edition, Blazing Red Edition",https://boardgamegeek.com/boardgame/245654/railroad-ink-deep-blue-edition,6,CULL,KEEP,CULL
Age of Steam,https://boardgamegeek.com/boardgame/4098/age-steam,5,KEEP,KEEP,KEEP
Bruxelles 1893,https://boardgamegeek.com/boardgame/144592/bruxelles-1893,5,KEEP,KEEP,KEEP
Carcassonne,https://boardgamegeek.com/boardgame/822/carcassonne,5,CULL,CULL,CULL
Ginkgopolis,https://boardgamegeek.com/boardgame/128271/ginkgopolis,5,KEEP,KEEP,KEEP
Arcane Academy,https://boardgamegeek.com/boardgame/144734/arcane-academy,5,CULL,CULL,CULL
Ankh'or,https://boardgamegeek.com/boardgame/271530/ankhor,5,CULL,KEEP,CULL
1987: Channel Tunnel,https://boardgamegeek.com/boardgame/279306/1987-channel-tunnel,5,KEEP,KEEP,KEEP
Myrmes,https://boardgamegeek.com/boardgame/126792/myrmes,5,KEEP,KEEP,KEEP
Vasco da Gama,https://boardgamegeek.com/boardgame/41002/vasco-da-gama,5,CULL,CULL,CULL
Circadians:First Light,https://boardgamegeek.com/boardgame/264052/circadians-first-light,5,KEEP,KEEP,KEEP
Pax Pamir: Second Edition,https://boardgamegeek.com/boardgame/256960/pax-pamir-second-edition,5,KEEP,KEEP,KEEP
Amun-Re,https://boardgamegeek.com/boardgame/5404/amun-re,5,CULL,CULL,CULL
High Society,https://boardgamegeek.com/boardgame/220/high-society,5,KEEP,CULL,KEEP
Trickerion: Legends of Illusion,https://boardgamegeek.com/boardgame/163068/trickerion-legends-illusion,5,KEEP,KEEP,KEEP
Red7,https://boardgamegeek.com/boardgame/161417/red7,5,CULL,KEEP,KEEP
Chicago Express,https://boardgamegeek.com/boardgame/31730/chicago-express,5,KEEP,CULL,KEEP
Point Salad,https://boardgamegeek.com/boardgame/274960/point-salad,5,CULL,CULL,CULL
Piña Pirata,https://boardgamegeek.com/boardgame/154479/pina-pirata,5,CULL,CULL,CULL
Cosmic Encounter Duel,https://boardgamegeek.com/boardgame/298572/cosmic-encounter-duel,4,CULL,CULL,CULL
Tides of Time,https://boardgamegeek.com/boardgame/176229/tides-time,4,CULL,CULL,CULL
Orléans,https://boardgamegeek.com/boardgame/164928/orleans,4,KEEP,KEEP,KEEP
Viceroy,https://boardgamegeek.com/boardgame/157526/viceroy,4,KEEP,CULL,CULL
Biblios,https://boardgamegeek.com/boardgame/34219/biblios,4,KEEP,CULL,KEEP
The Prodigals Club,https://boardgamegeek.com/boardgame/181796/prodigals-club,4,CULL,CULL,CULL
Altiplano,https://boardgamegeek.com/boardgame/234487/altiplano,4,KEEP,CULL,KEEP
 SHŌBU,https://boardgamegeek.com/boardgame/272380/shbu,4,KEEP,KEEP,KEEP
Onitama,https://boardgamegeek.com/boardgame/160477/onitama,4,CULL,CULL,CULL
DVONN,https://boardgamegeek.com/boardgame/2346/dvonn,4,KEEP,KEEP,KEEP
Circle the Wagons,https://boardgamegeek.com/boardgame/213266/circle-wagons,4,KEEP,CULL,KEEP
Sprawlopolis,https://boardgamegeek.com/boardgame/251658/sprawlopolis,4,CULL,CULL,CULL
Hanamikoji,https://boardgamegeek.com/boardgame/158600/hanamikoji,4,KEEP,KEEP,KEEP
Foothills,https://boardgamegeek.com/boardgame/270538/foothills,4,KEEP,KEEP,KEEP
TZAAR,https://boardgamegeek.com/boardgame/31999/tzaar,4,KEEP,KEEP,KEEP
YINSH,https://boardgamegeek.com/boardgame/7854/yinsh,4,KEEP,KEEP,KEEP
Via Nebula,https://boardgamegeek.com/boardgame/191231/nebula,4,CULL,CULL,CULL
Quadropolis,https://boardgamegeek.com/boardgame/176396/quadropolis,4,KEEP,KEEP,KEEP
Through the Desert,https://boardgamegeek.com/boardgame/503/through-desert,4,KEEP,CULL,KEEP
Azul,https://boardgamegeek.com/boardgame/230802/azul,3,CULL,KEEP,CULL
Azul: Stained Glass of Sintra,https://boardgamegeek.com/boardgame/256226/azul-stained-glass-sintra,3,CULL,CULL,CULL
Azul: Summer Pavilion,https://boardgamegeek.com/boardgame/287954/azul-summer-pavilion,3,KEEP,KEEP,KEEP
Riverboat,https://boardgamegeek.com/boardgame/227515/riverboat,3,KEEP,KEEP,KEEP
X nimmt!,https://boardgamegeek.com/boardgame/205885/x-nimmt,3,CULL,CULL,CULL
Tikal,https://boardgamegeek.com/boardgame/54/tikal,3,CULL,CULL,CULL
Renature,https://boardgamegeek.com/boardgame/300001/renature,3,CULL,KEEP,CULL
The Game,https://boardgamegeek.com/boardgame/173090/game,3,CULL,CULL,CULL
The Princes of Florence,https://boardgamegeek.com/boardgame/555/princes-florence,3,KEEP,KEEP,KEEP
Similo,https://boardgamegeek.com/boardgame/268620/similo,3,KEEP,KEEP,KEEP
Heaven & Ale,https://boardgamegeek.com/boardgame/227789/heaven-ale,3,KEEP,CULL,KEEP
Schotten Totten,https://boardgamegeek.com/boardgame/372/schotten-totten,3,CULL,KEEP,KEEP
Paris,https://boardgamegeek.com/boardgame/282954/paris,3,CULL,CULL,CULL
Torres,https://boardgamegeek.com/boardgame/88/torres,3,KEEP,KEEP,KEEP
Porta Nigra,https://boardgamegeek.com/boardgame/172385/porta-nigra,3,KEEP,KEEP,KEEP
Hats,https://boardgamegeek.com/boardgame/281658/hats,3,KEEP,KEEP,KEEP
Cuzco,https://boardgamegeek.com/boardgame/249411/cuzco,3,KEEP,KEEP,KEEP
Clans of Caledonia,https://boardgamegeek.com/boardgame/216132/clans-caledonia,3,KEEP,KEEP,KEEP
 Bärenpark,https://boardgamegeek.com/boardgame/219513/barenpark,2,KEEP,KEEP,KEEP
Blue Lagoon,https://boardgamegeek.com/boardgame/244331/blue-lagoon,2,KEEP,KEEP,KEEP
Tiny Towns,https://boardgamegeek.com/boardgame/265736/tiny-towns,2,KEEP,KEEP,KEEP
Ghost Blitz,https://boardgamegeek.com/boardgame/83195/ghost-blitz,2,CULL,CULL,CULL
Ricochet Robots,https://boardgamegeek.com/boardgame/51/ricochet-robots,2,KEEP,KEEP,KEEP
Sagrada,https://boardgamegeek.com/boardgame/199561/sagrada,2,CULL,CULL,CULL
Scarabya,https://boardgamegeek.com/boardgame/244330/scarabya,2,CULL,CULL,CULL
Jungle Speed,https://boardgamegeek.com/boardgame/8098/jungle-speed,2,CULL,CULL,CULL
Cyclades,https://boardgamegeek.com/boardgame/54998/cyclades,2,CULL,CULL,CULL
Babylonia,https://boardgamegeek.com/boardgame/266164/babylonia,2,KEEP,CULL,KEEP
Darwin's Journey,https://boardgamegeek.com/boardgame/322289/darwins-journey,2,KEEP,KEEP,KEEP
Lost Cities,https://boardgamegeek.com/boardgame/50/lost-cities,2,KEEP,CULL,KEEP
Second Chance,https://boardgamegeek.com/boardgame/265683/second-chance,2,CULL,CULL,CULL
Patchwork,https://boardgamegeek.com/boardgame/163412/patchwork,2,KEEP,KEEP,KEEP
The Bloody Inn,https://boardgamegeek.com/boardgame/180593/bloody-inn,2,CULL,KEEP,KEEP
Silver & Gold,https://boardgamegeek.com/boardgame/270673/silver-gold,2,CULL,CULL,CULL
Avenue,https://boardgamegeek.com/boardgame/205045/avenue,2,KEEP,CULL,KEEP
Five Tribes,https://boardgamegeek.com/boardgame/157354/five-tribes,2,CULL,KEEP,CULL
Nations,https://boardgamegeek.com/boardgame/126042/nations,2,KEEP,KEEP,KEEP
Kraftwagen,https://boardgamegeek.com/boardgame/171879/kraftwagen,2,CULL,CULL,CULL
Nations: The Dice Game,https://boardgamegeek.com/boardgame/157809/nations-dice-game,2,CULL,CULL,CULL
Seven Bridges,https://boardgamegeek.com/boardgame/266188/seven-bridges,2,CULL,CULL,CULL
The Blood of an Englishman,https://boardgamegeek.com/boardgame/206504/blood-englishman,1,KEEP,CULL,CULL
That's Pretty Clever!,https://boardgamegeek.com/boardgame/244522/s-pretty-clever,1,CULL,CULL,CULL
The Fox in the Forest,https://boardgamegeek.com/boardgame/221965/fox-forest,1,KEEP,KEEP,KEEP
Shadows in Kyoto,https://boardgamegeek.com/boardgame/229741/shadows-kyoto,1,KEEP,KEEP,KEEP
Stew,https://boardgamegeek.com/boardgame/242324/stew,1,CULL,CULL,CULL
Mr. Jack,https://boardgamegeek.com/boardgame/21763/mr-jack,1,CULL,CULL,CULL
Patchwork Express,https://boardgamegeek.com/boardgame/246639/patchwork-express,1,CULL,CULL,CULL
Timeline,https://boardgamegeek.com/boardgame/128664/timeline,1,CULL,KEEP,KEEP
Timeline: Discoveries,https://boardgamegeek.com/boardgame/99975/timeline-discoveries,1,CULL,CULL,CULL
The Mind,https://boardgamegeek.com/boardgame/244992/mind,1,CULL,CULL,CULL
Seasons,https://boardgamegeek.com/boardgame/108745/seasons,1,CULL,CULL,CULL
Zombie Dice,https://boardgamegeek.com/boardgame/62871/zombie-dice,1,CULL,KEEP,CULL
Hex Roller,https://boardgamegeek.com/boardgame/267568/hexroller,1,CULL,CULL,CULL
Reef,https://boardgamegeek.com/boardgame/244228/reef,1,CULL,CULL,CULL
Ligretto,https://boardgamegeek.com/boardgame/943/ligretto,1,CULL,CULL,CULL
Jaipur,https://boardgamegeek.com/boardgame/54043/jaipur,1,KEEP,CULL,CULL
NMBR 9,https://boardgamegeek.com/boardgame/217449/nmbr-9,1,KEEP,KEEP,KEEP
"Star Realms, Star Realms: Frontiers",https://boardgamegeek.com/boardgame/147020/star-realms,1,CULL,CULL,CULL
Neolithic,https://boardgamegeek.com/boardgame/193486/neolithic,1,CULL,CULL,CULL
Keep,https://boardgamegeek.com/boardgame/185276/keep,1,CULL,CULL,CULL
Conspiracy: Abyss Universe,https://boardgamegeek.com/boardgame/276042/conspiracy-abyss-universe,1,KEEP,KEEP,KEEP
Stronghold: 2nd Edition,https://boardgamegeek.com/boardgame/179460/stronghold-2nd-edition,1,CULL,CULL,CULL
Goa,https://boardgamegeek.com/boardgame/9216/goa,1,KEEP,KEEP,KEEP
L.A.M.A.,https://boardgamegeek.com/boardgame/266083/llm,1,KEEP,KEEP,KEEP
Mysterium Park,https://boardgamegeek.com/boardgame/301767/mysterium-park,20,KEEP,KEEP,KEEP
Pictomania,https://boardgamegeek.com/boardgame/98229/pictomania,20,KEEP,KEEP,KEEP
Villagers,https://boardgamegeek.com/boardgame/241724/villagers,20,KEEP,KEEP,KEEP
Gùgōng,https://boardgamegeek.com/boardgame/250458/gugng,20,CULL,CULL,CULL
"Hey, That's My Fish!",https://boardgamegeek.com/boardgame/8203/hey-s-my-fish,20,KEEP,KEEP,KEEP
A Gentle Rain,https://boardgamegeek.com/boardgame/334011/gentle-rain,20,CULL,CULL,CULL
Meadow,https://boardgamegeek.com/boardgame/314491/meadow,20,CULL,CULL,CULL
Stone Age,https://boardgamegeek.com/boardgame/34635/stone-age,20,KEEP,CULL,KEEP